{
  "swagger": "2.0",
  "info": {
    "version": "1.0.0",
    "title": "REST API",
    "description": ""
  },
  "host": "localhost:3000",
  "basePath": "/",
  "schemes": [
    "http"
  ],
  "paths": {
    "/register": {
      "post": {
        "description": "",
        "parameters": [],
        "responses": {}
      }
    },
    "/login": {
      "post": {
        "description": "",
        "parameters": [],
        "responses": {}
      }
    },
    "/logout": {
      "post": {
        "description": "",
        "parameters": [],
        "responses": {}
      }
    },
    "/refresh-tokens": {
      "post": {
        "description": "",
        "parameters": [],
        "responses": {}
      }
    },
    "/forgot-password": {
      "post": {
        "description": "",
        "parameters": [],
        "responses": {}
      }
    },
    "/reset-password": {
      "post": {
        "description": "",
        "parameters": [],
        "responses": {}
      }
    },
    "/send-verification-email": {
      "post": {
        "description": "",
        "parameters": [],
        "responses": {}
      }
    },
    "/verify-email": {
      "post": {
        "description": "",
        "parameters": [],
        "responses": {}
      }
    }
  }
}